category,hashicorp/terraform
Sun Jul 09 2023,37696
Sun Jul 09 2023,37697
Sun Jul 09 2023,37698
Sun Jul 09 2023,37699
Sun Jul 09 2023,37700
Mon Jul 10 2023,37701
Mon Jul 10 2023,37702
Mon Jul 10 2023,37703
Mon Jul 10 2023,37704
Mon Jul 10 2023,37705
Mon Jul 10 2023,37706
Mon Jul 10 2023,37707
Mon Jul 10 2023,37708
Mon Jul 10 2023,37709
Mon Jul 10 2023,37710
Mon Jul 10 2023,37711
Mon Jul 10 2023,37712
Mon Jul 10 2023,37713
Tue Jul 11 2023,37714
Tue Jul 11 2023,37715
Tue Jul 11 2023,37716
Tue Jul 11 2023,37717
Tue Jul 11 2023,37718
Tue Jul 11 2023,37719
Tue Jul 11 2023,37720
Tue Jul 11 2023,37721
Tue Jul 11 2023,37722
Tue Jul 11 2023,37723
Tue Jul 11 2023,37724
Tue Jul 11 2023,37725
Wed Jul 12 2023,37726
Wed Jul 12 2023,37727
Wed Jul 12 2023,37728
Wed Jul 12 2023,37729
Wed Jul 12 2023,37730
Wed Jul 12 2023,37731
Wed Jul 12 2023,37732
Wed Jul 12 2023,37733
Wed Jul 12 2023,37734
Wed Jul 12 2023,37735
Wed Jul 12 2023,37736
Wed Jul 12 2023,37737
Wed Jul 12 2023,37738
Wed Jul 12 2023,37739
Wed Jul 12 2023,37740
Thu Jul 13 2023,37741
Thu Jul 13 2023,37742
Thu Jul 13 2023,37743
Thu Jul 13 2023,37744
Thu Jul 13 2023,37745
Thu Jul 13 2023,37746
Thu Jul 13 2023,37747
Thu Jul 13 2023,37748
Thu Jul 13 2023,37749
Thu Jul 13 2023,37750
Thu Jul 13 2023,37751
Thu Jul 13 2023,37752
Thu Jul 13 2023,37753
Thu Jul 13 2023,37754
Fri Jul 14 2023,37755
Fri Jul 14 2023,37756
Fri Jul 14 2023,37757
Fri Jul 14 2023,37758
Fri Jul 14 2023,37759
Fri Jul 14 2023,37760
Fri Jul 14 2023,37761
Fri Jul 14 2023,37762
Fri Jul 14 2023,37763
Fri Jul 14 2023,37764
Sat Jul 15 2023,37765
Sat Jul 15 2023,37766
Sat Jul 15 2023,37767
Sat Jul 15 2023,37768
Sat Jul 15 2023,37769
Sat Jul 15 2023,37770
Sat Jul 15 2023,37771
Sat Jul 15 2023,37772
Sat Jul 15 2023,37773
Sat Jul 15 2023,37774
Sat Jul 15 2023,37775
Sat Jul 15 2023,37776
Sat Jul 15 2023,37777
Sat Jul 15 2023,37778
Sat Jul 15 2023,37779
Sat Jul 15 2023,37780
Sun Jul 16 2023,37781
Sun Jul 16 2023,37782
Sun Jul 16 2023,37783
Sun Jul 16 2023,37784
Sun Jul 16 2023,37785
Sun Jul 16 2023,37786
Sun Jul 16 2023,37787
Sun Jul 16 2023,37788
Sun Jul 16 2023,37789
Sun Jul 16 2023,37790
Sun Jul 16 2023,37791
Sun Jul 16 2023,37792
Mon Jul 17 2023,37793
Mon Jul 17 2023,37794
Mon Jul 17 2023,37795
Mon Jul 17 2023,37796
Mon Jul 17 2023,37797
Mon Jul 17 2023,37798
Mon Jul 17 2023,37799
Mon Jul 17 2023,37800
Mon Jul 17 2023,37801
Mon Jul 17 2023,37802
Mon Jul 17 2023,37803
Mon Jul 17 2023,37804
Mon Jul 17 2023,37805
Mon Jul 17 2023,37806
Tue Jul 18 2023,37807
Tue Jul 18 2023,37808
Tue Jul 18 2023,37809
Tue Jul 18 2023,37810
Tue Jul 18 2023,37811
Tue Jul 18 2023,37812
Tue Jul 18 2023,37813
Tue Jul 18 2023,37814
Tue Jul 18 2023,37815
Tue Jul 18 2023,37816
Tue Jul 18 2023,37817
Tue Jul 18 2023,37818
Wed Jul 19 2023,37819
Wed Jul 19 2023,37820
Wed Jul 19 2023,37821
Wed Jul 19 2023,37822
Wed Jul 19 2023,37823
Wed Jul 19 2023,37824
Wed Jul 19 2023,37825
Wed Jul 19 2023,37826
Wed Jul 19 2023,37827
Wed Jul 19 2023,37828
Wed Jul 19 2023,37829
Wed Jul 19 2023,37830
Wed Jul 19 2023,37831
Wed Jul 19 2023,37832
Wed Jul 19 2023,37833
Wed Jul 19 2023,37834
Wed Jul 19 2023,37835
Thu Jul 20 2023,37836
Thu Jul 20 2023,37837
Thu Jul 20 2023,37838
Thu Jul 20 2023,37839
Thu Jul 20 2023,37840
Thu Jul 20 2023,37841
Thu Jul 20 2023,37842
Thu Jul 20 2023,37843
Thu Jul 20 2023,37844
Thu Jul 20 2023,37845
Thu Jul 20 2023,37846
Thu Jul 20 2023,37847
Thu Jul 20 2023,37848
Thu Jul 20 2023,37849
Thu Jul 20 2023,37850
Thu Jul 20 2023,37851
Thu Jul 20 2023,37852
Thu Jul 20 2023,37853
Fri Jul 21 2023,37854
Fri Jul 21 2023,37855
Fri Jul 21 2023,37856
Fri Jul 21 2023,37857
Fri Jul 21 2023,37858
Fri Jul 21 2023,37859
Fri Jul 21 2023,37860
Fri Jul 21 2023,37861
Fri Jul 21 2023,37862
Fri Jul 21 2023,37863
Fri Jul 21 2023,37864
Fri Jul 21 2023,37865
Fri Jul 21 2023,37866
Fri Jul 21 2023,37867
Fri Jul 21 2023,37868
Fri Jul 21 2023,37869
Fri Jul 21 2023,37870
Sat Jul 22 2023,37871
Sat Jul 22 2023,37872
Sat Jul 22 2023,37873
Sat Jul 22 2023,37874
Sat Jul 22 2023,37875
Sat Jul 22 2023,37876
Sat Jul 22 2023,37877
Sat Jul 22 2023,37878
Sun Jul 23 2023,37879
Sun Jul 23 2023,37880
Sun Jul 23 2023,37881
Sun Jul 23 2023,37882
Sun Jul 23 2023,37883
Sun Jul 23 2023,37884
Sun Jul 23 2023,37885
Sun Jul 23 2023,37886
Sun Jul 23 2023,37887
Sun Jul 23 2023,37888
Sun Jul 23 2023,37889
Sun Jul 23 2023,37890
Mon Jul 24 2023,37891
Mon Jul 24 2023,37892
Mon Jul 24 2023,37893
Mon Jul 24 2023,37894
Mon Jul 24 2023,37895
Mon Jul 24 2023,37896
Mon Jul 24 2023,37897
Mon Jul 24 2023,37898
Mon Jul 24 2023,37899
Mon Jul 24 2023,37900
Mon Jul 24 2023,37901
Mon Jul 24 2023,37902
Mon Jul 24 2023,37903
Mon Jul 24 2023,37904
Mon Jul 24 2023,37905
Mon Jul 24 2023,37906
Tue Jul 25 2023,37907
Tue Jul 25 2023,37908
Tue Jul 25 2023,37909
Tue Jul 25 2023,37910
Tue Jul 25 2023,37911
Tue Jul 25 2023,37912
Tue Jul 25 2023,37913
Tue Jul 25 2023,37914
Tue Jul 25 2023,37915
Tue Jul 25 2023,37916
Tue Jul 25 2023,37917
Tue Jul 25 2023,37918
Tue Jul 25 2023,37919
Tue Jul 25 2023,37920
Tue Jul 25 2023,37921
Tue Jul 25 2023,37922
Tue Jul 25 2023,37923
Tue Jul 25 2023,37924
Tue Jul 25 2023,37925
Tue Jul 25 2023,37926
Wed Jul 26 2023,37927
Wed Jul 26 2023,37928
Wed Jul 26 2023,37929
Wed Jul 26 2023,37930
Wed Jul 26 2023,37931
Wed Jul 26 2023,37932
Wed Jul 26 2023,37933
Wed Jul 26 2023,37934
Wed Jul 26 2023,37935
Wed Jul 26 2023,37936
Thu Jul 27 2023,37937
Thu Jul 27 2023,37938
Thu Jul 27 2023,37939
Thu Jul 27 2023,37940
Thu Jul 27 2023,37941
Thu Jul 27 2023,37942
Thu Jul 27 2023,37943
Thu Jul 27 2023,37944
Thu Jul 27 2023,37945
Thu Jul 27 2023,37946
Thu Jul 27 2023,37947
Thu Jul 27 2023,37948
Thu Jul 27 2023,37949
Thu Jul 27 2023,37950
Thu Jul 27 2023,37951
Fri Jul 28 2023,37952
Fri Jul 28 2023,37953
Fri Jul 28 2023,37954
Fri Jul 28 2023,37955
Fri Jul 28 2023,37956
Fri Jul 28 2023,37957
Fri Jul 28 2023,37958
Fri Jul 28 2023,37959
Fri Jul 28 2023,37960
Fri Jul 28 2023,37961
Fri Jul 28 2023,37962
Fri Jul 28 2023,37963
Fri Jul 28 2023,37964
Fri Jul 28 2023,37965
Fri Jul 28 2023,37966
Fri Jul 28 2023,37967
Fri Jul 28 2023,37968
Fri Jul 28 2023,37969
Fri Jul 28 2023,37970
Fri Jul 28 2023,37971
Fri Jul 28 2023,37972
Fri Jul 28 2023,37973
Fri Jul 28 2023,37974
Sat Jul 29 2023,37975
Sat Jul 29 2023,37976
Sat Jul 29 2023,37977
Sat Jul 29 2023,37978
Sat Jul 29 2023,37979
Sat Jul 29 2023,37980
Sun Jul 30 2023,37981
Sun Jul 30 2023,37982
Sun Jul 30 2023,37983
Sun Jul 30 2023,37984
Sun Jul 30 2023,37985
Sun Jul 30 2023,37986
Sun Jul 30 2023,37987
Sun Jul 30 2023,37988
Sun Jul 30 2023,37989
Sun Jul 30 2023,37990
Sun Jul 30 2023,37991
Mon Jul 31 2023,37992
Mon Jul 31 2023,37993
Mon Jul 31 2023,37994
Mon Jul 31 2023,37995
Mon Jul 31 2023,37996
Mon Jul 31 2023,37997
Mon Jul 31 2023,37998
Mon Jul 31 2023,37999
Mon Jul 31 2023,38000
Mon Jul 31 2023,38001
Mon Jul 31 2023,38002
Mon Jul 31 2023,38003
Mon Jul 31 2023,38004
Tue Aug 01 2023,38005
Tue Aug 01 2023,38006
Tue Aug 01 2023,38007
Tue Aug 01 2023,38008
Tue Aug 01 2023,38009
Wed Aug 02 2023,38010
Wed Aug 02 2023,38011
Wed Aug 02 2023,38012
Wed Aug 02 2023,38013
Wed Aug 02 2023,38014
Wed Aug 02 2023,38015
Wed Aug 02 2023,38016
Wed Aug 02 2023,38017
Wed Aug 02 2023,38018
Wed Aug 02 2023,38019
Wed Aug 02 2023,38020
Wed Aug 02 2023,38021
Wed Aug 02 2023,38022
Thu Aug 03 2023,38023
Thu Aug 03 2023,38024
Thu Aug 03 2023,38025
Thu Aug 03 2023,38026
Thu Aug 03 2023,38027
Thu Aug 03 2023,38028
Thu Aug 03 2023,38029
Thu Aug 03 2023,38030
Thu Aug 03 2023,38031
Thu Aug 03 2023,38032
Thu Aug 03 2023,38033
Thu Aug 03 2023,38034
Fri Aug 04 2023,38035
Fri Aug 04 2023,38036
Fri Aug 04 2023,38037
Fri Aug 04 2023,38038
Fri Aug 04 2023,38039
Fri Aug 04 2023,38040
Fri Aug 04 2023,38041
Fri Aug 04 2023,38042
Fri Aug 04 2023,38043
Fri Aug 04 2023,38044
Fri Aug 04 2023,38045
Sat Aug 05 2023,38046
Sat Aug 05 2023,38047
Sat Aug 05 2023,38048
Sat Aug 05 2023,38049
Sat Aug 05 2023,38050
Sat Aug 05 2023,38051
Sat Aug 05 2023,38052
Sat Aug 05 2023,38053
Sun Aug 06 2023,38054
Sun Aug 06 2023,38055
Sun Aug 06 2023,38056
Sun Aug 06 2023,38057
Sun Aug 06 2023,38058
Mon Aug 07 2023,38059
Mon Aug 07 2023,38060
Mon Aug 07 2023,38061
Mon Aug 07 2023,38062
Mon Aug 07 2023,38063
Mon Aug 07 2023,38064
Mon Aug 07 2023,38065
Mon Aug 07 2023,38066
Mon Aug 07 2023,38067
Mon Aug 07 2023,38068
Tue Aug 08 2023,38069
Tue Aug 08 2023,38070
Tue Aug 08 2023,38071
Tue Aug 08 2023,38072
Tue Aug 08 2023,38073
Tue Aug 08 2023,38074
Tue Aug 08 2023,38075
Tue Aug 08 2023,38076
Tue Aug 08 2023,38077
Wed Aug 09 2023,38078
Wed Aug 09 2023,38079
Wed Aug 09 2023,38080
Wed Aug 09 2023,38081
Wed Aug 09 2023,38082
Wed Aug 09 2023,38083
Wed Aug 09 2023,38084
Wed Aug 09 2023,38085
Wed Aug 09 2023,38086
Wed Aug 09 2023,38087
Wed Aug 09 2023,38088
Wed Aug 09 2023,38089
Wed Aug 09 2023,38090
Wed Aug 09 2023,38091
Wed Aug 09 2023,38092
Wed Aug 09 2023,38093
Thu Aug 10 2023,38094
Thu Aug 10 2023,38095
Thu Aug 10 2023,38096
Thu Aug 10 2023,38097
Thu Aug 10 2023,38098
Thu Aug 10 2023,38099
Thu Aug 10 2023,38100
Thu Aug 10 2023,38101
Thu Aug 10 2023,38102
Thu Aug 10 2023,38103
Thu Aug 10 2023,38104
Thu Aug 10 2023,38105
Thu Aug 10 2023,38106
Thu Aug 10 2023,38107
Thu Aug 10 2023,38108
Thu Aug 10 2023,38109
Thu Aug 10 2023,38110
Thu Aug 10 2023,38111
Thu Aug 10 2023,38112
Fri Aug 11 2023,38113
Fri Aug 11 2023,38114
Fri Aug 11 2023,38115
Fri Aug 11 2023,38116
Fri Aug 11 2023,38117
Fri Aug 11 2023,38118
Fri Aug 11 2023,38119
Fri Aug 11 2023,38120
Fri Aug 11 2023,38121
Fri Aug 11 2023,38122
Fri Aug 11 2023,38123
Fri Aug 11 2023,38124
Fri Aug 11 2023,38125
Fri Aug 11 2023,38126
Fri Aug 11 2023,38127
Fri Aug 11 2023,38128
Fri Aug 11 2023,38129
Fri Aug 11 2023,38130
Fri Aug 11 2023,38131
Fri Aug 11 2023,38132
Fri Aug 11 2023,38133
Fri Aug 11 2023,38134
Sat Aug 12 2023,38135
Sat Aug 12 2023,38136
Sat Aug 12 2023,38137
Sat Aug 12 2023,38138
Sat Aug 12 2023,38139
Sat Aug 12 2023,38140
Sat Aug 12 2023,38141
Sat Aug 12 2023,38142
Sat Aug 12 2023,38143
Sat Aug 12 2023,38144
Sat Aug 12 2023,38145
Sat Aug 12 2023,38146
Sat Aug 12 2023,38147
Sat Aug 12 2023,38148
Sat Aug 12 2023,38149
Sat Aug 12 2023,38150
Sat Aug 12 2023,38151
Sat Aug 12 2023,38152
Sat Aug 12 2023,38153
Sun Aug 13 2023,38154
Sun Aug 13 2023,38155
Sun Aug 13 2023,38156
Sun Aug 13 2023,38157
Sun Aug 13 2023,38158
Sun Aug 13 2023,38159
Sun Aug 13 2023,38160
Sun Aug 13 2023,38161
Sun Aug 13 2023,38162
Sun Aug 13 2023,38163
Sun Aug 13 2023,38164
Mon Aug 14 2023,38165
Mon Aug 14 2023,38166
Mon Aug 14 2023,38167
Mon Aug 14 2023,38168
Mon Aug 14 2023,38169
Mon Aug 14 2023,38170
Mon Aug 14 2023,38171
Mon Aug 14 2023,38172
Mon Aug 14 2023,38173
Tue Aug 15 2023,38174
Tue Aug 15 2023,38175
Tue Aug 15 2023,38176
Tue Aug 15 2023,38177
Tue Aug 15 2023,38178
Tue Aug 15 2023,38179
Tue Aug 15 2023,38180
Tue Aug 15 2023,38181
Tue Aug 15 2023,38182
Tue Aug 15 2023,38183
Tue Aug 15 2023,38184
Tue Aug 15 2023,38185
Tue Aug 15 2023,38186
Tue Aug 15 2023,38187
Wed Aug 16 2023,38188
Wed Aug 16 2023,38189
Wed Aug 16 2023,38190
Wed Aug 16 2023,38191
Wed Aug 16 2023,38192
Wed Aug 16 2023,38193
Wed Aug 16 2023,38194
Wed Aug 16 2023,38195
Wed Aug 16 2023,38196
Wed Aug 16 2023,38197
Wed Aug 16 2023,38198
Wed Aug 16 2023,38199
Wed Aug 16 2023,38200
Wed Aug 16 2023,38201
Wed Aug 16 2023,38202
Wed Aug 16 2023,38203
Wed Aug 16 2023,38204
Thu Aug 17 2023,38205
Thu Aug 17 2023,38206
Thu Aug 17 2023,38207
Thu Aug 17 2023,38208
Thu Aug 17 2023,38209
Thu Aug 17 2023,38210
Thu Aug 17 2023,38211
Thu Aug 17 2023,38212
Thu Aug 17 2023,38213
Thu Aug 17 2023,38214
Thu Aug 17 2023,38215
Thu Aug 17 2023,38216
Thu Aug 17 2023,38217
Thu Aug 17 2023,38218
Thu Aug 17 2023,38219
Thu Aug 17 2023,38220
Thu Aug 17 2023,38221
Thu Aug 17 2023,38222
Thu Aug 17 2023,38223
Thu Aug 17 2023,38224
Thu Aug 17 2023,38225
Thu Aug 17 2023,38226
Thu Aug 17 2023,38227
Thu Aug 17 2023,38228
Thu Aug 17 2023,38229
Fri Aug 18 2023,38230
Fri Aug 18 2023,38231
Fri Aug 18 2023,38232
Fri Aug 18 2023,38233
Fri Aug 18 2023,38234
Fri Aug 18 2023,38235
Fri Aug 18 2023,38236
Fri Aug 18 2023,38237
Fri Aug 18 2023,38238
Fri Aug 18 2023,38239
Fri Aug 18 2023,38240
Fri Aug 18 2023,38241
Fri Aug 18 2023,38242
Fri Aug 18 2023,38243
Fri Aug 18 2023,38244
Fri Aug 18 2023,38245
Fri Aug 18 2023,38246
Fri Aug 18 2023,38247
Fri Aug 18 2023,38248
Fri Aug 18 2023,38249
Fri Aug 18 2023,38250
Sat Aug 19 2023,38251
Sat Aug 19 2023,38252
Sat Aug 19 2023,38253
Sat Aug 19 2023,38254
Sat Aug 19 2023,38255
Sat Aug 19 2023,38256
Sat Aug 19 2023,38257
Sat Aug 19 2023,38258
Sat Aug 19 2023,38259
Sat Aug 19 2023,38260
Sat Aug 19 2023,38261
Sat Aug 19 2023,38262
Sun Aug 20 2023,38263
Sun Aug 20 2023,38264
Sun Aug 20 2023,38265
Sun Aug 20 2023,38266
Sun Aug 20 2023,38267
Sun Aug 20 2023,38268
Sun Aug 20 2023,38269
Mon Aug 21 2023,38270
Mon Aug 21 2023,38271
Mon Aug 21 2023,38272
Mon Aug 21 2023,38273
Mon Aug 21 2023,38274
Mon Aug 21 2023,38275
Mon Aug 21 2023,38276
Mon Aug 21 2023,38277
Mon Aug 21 2023,38278
Tue Aug 22 2023,38279
Tue Aug 22 2023,38280
Tue Aug 22 2023,38281
Tue Aug 22 2023,38282
Tue Aug 22 2023,38283
Tue Aug 22 2023,38284
Tue Aug 22 2023,38285
Tue Aug 22 2023,38286
Tue Aug 22 2023,38287
Tue Aug 22 2023,38288
Tue Aug 22 2023,38289
Tue Aug 22 2023,38290
Tue Aug 22 2023,38291
Tue Aug 22 2023,38292
Wed Aug 23 2023,38293
Wed Aug 23 2023,38294
Wed Aug 23 2023,38295
Wed Aug 23 2023,38296
Wed Aug 23 2023,38297
Wed Aug 23 2023,38298
Wed Aug 23 2023,38299
Wed Aug 23 2023,38300
Wed Aug 23 2023,38301
Wed Aug 23 2023,38302
Wed Aug 23 2023,38303
Wed Aug 23 2023,38304
Wed Aug 23 2023,38305
Wed Aug 23 2023,38306
Wed Aug 23 2023,38307
Wed Aug 23 2023,38308
Wed Aug 23 2023,38309
Thu Aug 24 2023,38310
Thu Aug 24 2023,38311
Thu Aug 24 2023,38312
Thu Aug 24 2023,38313
Thu Aug 24 2023,38314
Thu Aug 24 2023,38315
Thu Aug 24 2023,38316
Thu Aug 24 2023,38317
Thu Aug 24 2023,38318
Thu Aug 24 2023,38319
Thu Aug 24 2023,38320
Thu Aug 24 2023,38321
Thu Aug 24 2023,38322
Thu Aug 24 2023,38323
Thu Aug 24 2023,38324
Thu Aug 24 2023,38325
Thu Aug 24 2023,38326
Thu Aug 24 2023,38327
Thu Aug 24 2023,38328
Thu Aug 24 2023,38329
Fri Aug 25 2023,38330
Fri Aug 25 2023,38331
Fri Aug 25 2023,38332
Fri Aug 25 2023,38333
Fri Aug 25 2023,38334
Fri Aug 25 2023,38335
Fri Aug 25 2023,38336
Fri Aug 25 2023,38337
Fri Aug 25 2023,38338
Sat Aug 26 2023,38339
Sat Aug 26 2023,38340
Sat Aug 26 2023,38341
Sat Aug 26 2023,38342
Sat Aug 26 2023,38343
Sat Aug 26 2023,38344
Sat Aug 26 2023,38345
Sat Aug 26 2023,38346
Sat Aug 26 2023,38347
Sat Aug 26 2023,38348
Sat Aug 26 2023,38349
Sat Aug 26 2023,38350
Sat Aug 26 2023,38351
Sat Aug 26 2023,38352
Sat Aug 26 2023,38353
Sat Aug 26 2023,38354
Sun Aug 27 2023,38355
Sun Aug 27 2023,38356
Sun Aug 27 2023,38357
Sun Aug 27 2023,38358
Sun Aug 27 2023,38359
Sun Aug 27 2023,38360
Sun Aug 27 2023,38361
Sun Aug 27 2023,38362
Sun Aug 27 2023,38363
Sun Aug 27 2023,38364
Sun Aug 27 2023,38365
Sun Aug 27 2023,38366
Mon Aug 28 2023,38367
Mon Aug 28 2023,38368
Mon Aug 28 2023,38369
Mon Aug 28 2023,38370
Mon Aug 28 2023,38371
Mon Aug 28 2023,38372
Mon Aug 28 2023,38373
Mon Aug 28 2023,38374
Mon Aug 28 2023,38375
Mon Aug 28 2023,38376
Mon Aug 28 2023,38377
Mon Aug 28 2023,38378
Mon Aug 28 2023,38379
Mon Aug 28 2023,38380
Mon Aug 28 2023,38381
Mon Aug 28 2023,38382
Mon Aug 28 2023,38383
Mon Aug 28 2023,38384
Mon Aug 28 2023,38385
Mon Aug 28 2023,38386
Mon Aug 28 2023,38387
Mon Aug 28 2023,38388
Mon Aug 28 2023,38389
Mon Aug 28 2023,38390
Mon Aug 28 2023,38391
Mon Aug 28 2023,38392
Mon Aug 28 2023,38393
Mon Aug 28 2023,38394
Mon Aug 28 2023,38395
Mon Aug 28 2023,38396
Mon Aug 28 2023,38397
Mon Aug 28 2023,38398
Mon Aug 28 2023,38399
Mon Aug 28 2023,38400
Tue Aug 29 2023,38401
Tue Aug 29 2023,38402
Tue Aug 29 2023,38403
Tue Aug 29 2023,38404
Tue Aug 29 2023,38405
Tue Aug 29 2023,38406
Tue Aug 29 2023,38407
Tue Aug 29 2023,38408
Tue Aug 29 2023,38409
Tue Aug 29 2023,38410
Tue Aug 29 2023,38411
Tue Aug 29 2023,38412
Tue Aug 29 2023,38413
Tue Aug 29 2023,38414
Tue Aug 29 2023,38415
Tue Aug 29 2023,38416
Tue Aug 29 2023,38417
Tue Aug 29 2023,38418
Tue Aug 29 2023,38419
Tue Aug 29 2023,38420
Tue Aug 29 2023,38421
Tue Aug 29 2023,38422
Tue Aug 29 2023,38423
Tue Aug 29 2023,38424
Tue Aug 29 2023,38425
Tue Aug 29 2023,38426
Tue Aug 29 2023,38427
Tue Aug 29 2023,38428
Tue Aug 29 2023,38429
Tue Aug 29 2023,38430
Tue Aug 29 2023,38431
Tue Aug 29 2023,38432
Tue Aug 29 2023,38433
Tue Aug 29 2023,38434
Tue Aug 29 2023,38435
Tue Aug 29 2023,38436
Tue Aug 29 2023,38437
Tue Aug 29 2023,38438
Tue Aug 29 2023,38439
Tue Aug 29 2023,38440
Tue Aug 29 2023,38441
Wed Aug 30 2023,38442
Wed Aug 30 2023,38443
Wed Aug 30 2023,38444
Wed Aug 30 2023,38445
Wed Aug 30 2023,38446
Wed Aug 30 2023,38447
Wed Aug 30 2023,38448
Wed Aug 30 2023,38449
Wed Aug 30 2023,38450
Wed Aug 30 2023,38451
Wed Aug 30 2023,38452
Wed Aug 30 2023,38453
Wed Aug 30 2023,38454
Wed Aug 30 2023,38455
Wed Aug 30 2023,38456
Wed Aug 30 2023,38457
Wed Aug 30 2023,38458
Wed Aug 30 2023,38459
Wed Aug 30 2023,38460
Wed Aug 30 2023,38461
Wed Aug 30 2023,38462
Wed Aug 30 2023,38463
Wed Aug 30 2023,38464
Wed Aug 30 2023,38465
Wed Aug 30 2023,38466
Wed Aug 30 2023,38467
Wed Aug 30 2023,38468
Wed Aug 30 2023,38469
Wed Aug 30 2023,38470
Wed Aug 30 2023,38471
Wed Aug 30 2023,38472
Wed Aug 30 2023,38473
Wed Aug 30 2023,38474
Wed Aug 30 2023,38475
Wed Aug 30 2023,38476
Wed Aug 30 2023,38477
Wed Aug 30 2023,38478
Wed Aug 30 2023,38479
Wed Aug 30 2023,38480
Wed Aug 30 2023,38481
Wed Aug 30 2023,38482
Wed Aug 30 2023,38483
Wed Aug 30 2023,38484
Wed Aug 30 2023,38485
Wed Aug 30 2023,38486
Wed Aug 30 2023,38487
Wed Aug 30 2023,38488
Wed Aug 30 2023,38489
Wed Aug 30 2023,38490
Wed Aug 30 2023,38491
Wed Aug 30 2023,38492
Wed Aug 30 2023,38493
Wed Aug 30 2023,38494
Wed Aug 30 2023,38495
Wed Aug 30 2023,38496
Wed Aug 30 2023,38497
Wed Aug 30 2023,38498
Wed Aug 30 2023,38499
Wed Aug 30 2023,38500
Wed Aug 30 2023,38501
Wed Aug 30 2023,38502
Wed Aug 30 2023,38503
Wed Aug 30 2023,38504
Thu Aug 31 2023,38505
Thu Aug 31 2023,38506
Thu Aug 31 2023,38507
Thu Aug 31 2023,38508
Thu Aug 31 2023,38509
Thu Aug 31 2023,38510
Thu Aug 31 2023,38511
Thu Aug 31 2023,38512
Thu Aug 31 2023,38513
Thu Aug 31 2023,38514
Thu Aug 31 2023,38515
Thu Aug 31 2023,38516
Thu Aug 31 2023,38517
Thu Aug 31 2023,38518
Thu Aug 31 2023,38519
Thu Aug 31 2023,38520
Thu Aug 31 2023,38521
Thu Aug 31 2023,38522
Thu Aug 31 2023,38523
Thu Aug 31 2023,38524
Thu Aug 31 2023,38525
Thu Aug 31 2023,38526
Thu Aug 31 2023,38527
Thu Aug 31 2023,38528
Thu Aug 31 2023,38529
Thu Aug 31 2023,38530
Thu Aug 31 2023,38531
Thu Aug 31 2023,38532
Thu Aug 31 2023,38533
Thu Aug 31 2023,38534
Thu Aug 31 2023,38535
Thu Aug 31 2023,38536
Thu Aug 31 2023,38537
Thu Aug 31 2023,38538
Thu Aug 31 2023,38539
Thu Aug 31 2023,38540
Thu Aug 31 2023,38541
Thu Aug 31 2023,38542
Thu Aug 31 2023,38543
Thu Aug 31 2023,38544
Thu Aug 31 2023,38545
Thu Aug 31 2023,38546
Thu Aug 31 2023,38547
Thu Aug 31 2023,38548
Thu Aug 31 2023,38549
Thu Aug 31 2023,38550
Thu Aug 31 2023,38551
Thu Aug 31 2023,38552
Thu Aug 31 2023,38553
Thu Aug 31 2023,38554
Thu Aug 31 2023,38555
Thu Aug 31 2023,38556
Thu Aug 31 2023,38557
Thu Aug 31 2023,38558
Thu Aug 31 2023,38559
Thu Aug 31 2023,38560
Thu Aug 31 2023,38561
Thu Aug 31 2023,38562
Thu Aug 31 2023,38563
Thu Aug 31 2023,38564
Thu Aug 31 2023,38565
Thu Aug 31 2023,38566
Thu Aug 31 2023,38567
Thu Aug 31 2023,38568
Thu Aug 31 2023,38569
Thu Aug 31 2023,38570
Thu Aug 31 2023,38571
Thu Aug 31 2023,38572
Thu Aug 31 2023,38573
Thu Aug 31 2023,38574
Thu Aug 31 2023,38575
Thu Aug 31 2023,38576
Thu Aug 31 2023,38577
Thu Aug 31 2023,38578
Thu Aug 31 2023,38579
Fri Sep 01 2023,38580
Fri Sep 01 2023,38581
Fri Sep 01 2023,38582
Fri Sep 01 2023,38583
Fri Sep 01 2023,38584
Fri Sep 01 2023,38585
Fri Sep 01 2023,38586
Fri Sep 01 2023,38587
Fri Sep 01 2023,38588
Fri Sep 01 2023,38589
Fri Sep 01 2023,38590
Fri Sep 01 2023,38591
Fri Sep 01 2023,38592
Fri Sep 01 2023,38593
Fri Sep 01 2023,38594
Fri Sep 01 2023,38595
Fri Sep 01 2023,38596
Sat Sep 02 2023,38597
Sat Sep 02 2023,38598
Sat Sep 02 2023,38599
Sat Sep 02 2023,38600
Sat Sep 02 2023,38601
Sat Sep 02 2023,38602
Sat Sep 02 2023,38603
Sat Sep 02 2023,38604
Sun Sep 03 2023,38605
Sun Sep 03 2023,38606
Sun Sep 03 2023,38607
Sun Sep 03 2023,38608
Sun Sep 03 2023,38609
Sun Sep 03 2023,38610
Sun Sep 03 2023,38611
Sun Sep 03 2023,38612
Sun Sep 03 2023,38613
Sun Sep 03 2023,38614
Sun Sep 03 2023,38615
Sun Sep 03 2023,38616
Mon Sep 04 2023,38617
Mon Sep 04 2023,38618
Mon Sep 04 2023,38619
Mon Sep 04 2023,38620
Mon Sep 04 2023,38621
Mon Sep 04 2023,38622
Mon Sep 04 2023,38623
Mon Sep 04 2023,38624
Mon Sep 04 2023,38625
Mon Sep 04 2023,38626
Tue Sep 05 2023,38627
Tue Sep 05 2023,38628
Tue Sep 05 2023,38629
Tue Sep 05 2023,38630
Tue Sep 05 2023,38631
Tue Sep 05 2023,38632
Tue Sep 05 2023,38633
Tue Sep 05 2023,38634
Tue Sep 05 2023,38635
Tue Sep 05 2023,38636
Tue Sep 05 2023,38637
Tue Sep 05 2023,38638
Wed Sep 06 2023,38639
Wed Sep 06 2023,38640
Wed Sep 06 2023,38641
Wed Sep 06 2023,38642
Wed Sep 06 2023,38643
Wed Sep 06 2023,38644
Wed Sep 06 2023,38645
Wed Sep 06 2023,38646
Wed Sep 06 2023,38647
Wed Sep 06 2023,38648
Wed Sep 06 2023,38649
Wed Sep 06 2023,38650
Wed Sep 06 2023,38651
Wed Sep 06 2023,38652
Thu Sep 07 2023,38653
Thu Sep 07 2023,38654
Thu Sep 07 2023,38655
Thu Sep 07 2023,38656
Thu Sep 07 2023,38657
Thu Sep 07 2023,38658
Thu Sep 07 2023,38659
Thu Sep 07 2023,38660
Thu Sep 07 2023,38661
Thu Sep 07 2023,38662
Thu Sep 07 2023,38663
Thu Sep 07 2023,38664
Thu Sep 07 2023,38665
Fri Sep 08 2023,38666
Fri Sep 08 2023,38667
Fri Sep 08 2023,38668
Fri Sep 08 2023,38669
Fri Sep 08 2023,38670
Fri Sep 08 2023,38671
Fri Sep 08 2023,38672
Fri Sep 08 2023,38673
Fri Sep 08 2023,38674
Fri Sep 08 2023,38675
Fri Sep 08 2023,38676
Fri Sep 08 2023,38677
Sat Sep 09 2023,38678
Sat Sep 09 2023,38679
Sat Sep 09 2023,38680
Sat Sep 09 2023,38681
Sat Sep 09 2023,38682
Sat Sep 09 2023,38683
Sat Sep 09 2023,38684
Sat Sep 09 2023,38685
Sat Sep 09 2023,38686
Sat Sep 09 2023,38687
Sat Sep 09 2023,38688
Sat Sep 09 2023,38689
Sun Sep 10 2023,38690
Sun Sep 10 2023,38691
Sun Sep 10 2023,38692
Sun Sep 10 2023,38693
Sun Sep 10 2023,38694
Sun Sep 10 2023,38695
Sun Sep 10 2023,38696
Sun Sep 10 2023,38697
Sun Sep 10 2023,38698
Sun Sep 10 2023,38699
Sun Sep 10 2023,38700
Sun Sep 10 2023,38701
Sun Sep 10 2023,38702
Sun Sep 10 2023,38703
Sun Sep 10 2023,38704
Sun Sep 10 2023,38705
